{"episode_reward": 0.9999999999999999, "episode_length": 8, "avg_reward": 0.5292336940344102, "avg_100_reward": 0.9608383703000511, "_timestamp": 1685109091.601682, "_runtime": 123.80668306350708, "_step": 20, "_wandb": {"runtime": 130}}