{"episode_reward": 0.9999999999999999, "episode_length": 8, "_timestamp": 1685108653.3003619, "_runtime": 167.06432795524597, "_step": 2399, "_wandb": {"runtime": 168}}