{"avg_length": 2.2878535773710484, "avg_100_length": 3.23, "avg_reward": 0.14096720747790956, "avg_100_reward": 0.25813141696066677, "_timestamp": 1685109418.660578, "_runtime": 15.93899393081665, "_step": 6, "_wandb": {"runtime": 16}}